LncRNAID,Gene alias,Transcript alias,Chr,SNPID,Disease/Trait name
LSLNC001774,NONHSAG029357,NONHSAT074567,2,rs1942055,Parkinson's disease
LSLNC001853,NONHSAG029841,NONHSAT075527,2,rs10182247,Parkinson's disease (PD)
LSLNC003249,NONHSAG040178,NONHSAT101013,5,rs7709856,Cognitive outcome in Parkinson's disease
LSLNC003502,NONHSAG041270,NONHSAT103281,5,rs1364937,Parkinson's disease (PD)
LSLNC005234,NONHSAG050809,NONHSAT127836,8,rs1009698,Parkinson's disease
LSLNC005467,NONHSAG050809,NONHSAT147653,8,rs1009698,Parkinson's disease
LSLNC007311,NONHSAG010913,NONHSAT027727,12,rs9705735,Parkinson's disease
LSLNC007795,NONHSAG013019,NONHSAT032514,13,rs2862909,Parkinson's disease (PD)
LSLNC007895,NONHSAG013524,NONHSAT033843,13,rs1928123,Parkinson's disease (PD)
LSLNC007896,NONHSAG013524,NONHSAT033846,13,rs1928123,Parkinson's disease (PD)
LSLNC007965,NONHSAG013824,NONHSAT034430,13,rs7358970,Parkinson's disease
LSLNC008044,NONHSAG013090,NONHSAT140113,13,rs1778789,Parkinson's disease
LSLNC009976,NONHSAG022007,NONHSAT054176,17,rs17649162,Parkinson's disease
LSLNC009978,NONHSAG022007,NONHSAT054178,17,rs17563683,Parkinson's disease
LSLNC012821,NONHSAG001605,NONHSAT003479,1,rs706412,Parkinson's disease
LSLNC014343,NONHSAG004797,NONHSAT010513,1,rs6683031,Parkinson's disease
LSLNC014670,NONHSAG027649,NONHSAT070469,2,rs12328510,Parkinson's disease (PD) (age of onset)
LSLNC014673,NONHSAG027649,NONHSAT070473,2,rs12328510,Parkinson's disease (PD) (age of onset)
LSLNC016650,NONHSAG034593,NONHSAT088647,3,rs2336055,Parkinson's disease (PD)
LSLNC016651,NONHSAG034593,NONHSAT088650,3,rs1352135,Parkinson's disease (PD)
LSLNC017108,NONHSAG035459,NONHSAT090556,3,rs17819911,Parkinson's disease (PD) (age of onset)
LSLNC017614,NONHSAG035295,NONHSAT090160,3,rs1735444,Parkinson's disease
LSLNC018716,NONHSAG038462,NONHSAT097477,4,rs986825,Parkinson's disease (PD) (age of onset)
LSLNC018895,NONHSAG038940,NONHSAT098453,4,rs3762864,Parkinson's disease
LSLNC019045,NONHSAG039251,NONHSAT099066,4,rs10001082,Parkinson's disease (interaction with coffee consumption)
LSLNC019046,NONHSAG039251,NONHSAT099067,4,rs10001082,Parkinson's disease (interaction with coffee consumption)
LSLNC019047,NONHSAG039251,NONHSAT099068,4,rs10001082,Parkinson's disease (interaction with coffee consumption)
LSLNC019579,NONHSAG040813,NONHSAT102341,5,rs10079160,Parkinson's disease (interaction with coffee consumption)
LSLNC019582,NONHSAG040813,NONHSAT102344,5,rs10079160,Parkinson's disease (interaction with coffee consumption)
LSLNC020102,NONHSAG041835,NONHSAT104381,5,rs1433037,Parkinson's disease
LSLNC024433,NONHSAG053689,NONHSAT135301,9,rs886089,Parkinson's disease (PD)
LSLNC024605,NONHSAG005252,NONHSAT011459,10,rs11596728,Parkinson's disease (PD)
LSLNC025142,NONHSAG006723,NONHSAT016052,10,rs7090670,Parkinson's disease
LSLNC025143,NONHSAG006723,NONHSAT016053,10,rs7090670,Parkinson's disease
LSLNC025165,NONHSAG006762,NONHSAT016147,10,rs17115100,Parkinson's disease
LSLNC025166,NONHSAG006766,NONHSAT016152,10,rs3824754,Parkinson's disease (PD)
LSLNC026612,NONHSAG009338,NONHSAT023581,11,rs7928477,Parkinson's disease (PD)
LSLNC027028,NONHSAG009997,NONHSAT025029,11,rs12364722,Parkinson's disease
LSLNC027029,NONHSAG009997,NONHSAT025030,11,rs12364722,Parkinson's disease
LSLNC027125,NONHSAG010222,NONHSAT025919,12,rs11062784,Parkinson's disease (PD) (age of onset)
LSLNC028088,NONHSAG011683,NONHSAT029456,12,rs4237862,Parkinson's disease
LSLNC028598,NONHSAG012632,NONHSAT031628,12,rs10773058,Parkinson's disease
LSLNC028600,NONHSAG012632,NONHSAT031630,12,rs10773058,Parkinson's disease
LSLNC029631,NONHSAG015019,NONHSAT036973,14,rs7147286,Parkinson's disease (PD)
LSLNC029632,NONHSAG015019,NONHSAT036974,14,rs7147286,Parkinson's disease (PD)
LSLNC029825,NONHSAG015674,NONHSAT039185,14,rs7154015,Parkinson's disease
LSLNC030491,NONHSAG017008,NONHSAT044093,15,rs1816879,Parkinson's disease (PD)
LSLNC030551,NONHSAG017079,NONHSAT044228,15,rs1863270,Parkinson's disease (PD)
LSLNC030552,NONHSAG017079,NONHSAT044229,15,rs1863270,Parkinson's disease (PD)
LSLNC031190,NONHSAG018270,NONHSAT051994,16,rs2235490,Parkinson's disease
LSLNC031263,NONHSAG018484,NONHSAT140344,16,rs2067935,Parkinson's disease
LSLNC031264,NONHSAG018484,NONHSAT140355,16,rs34255679,Parkinson's disease (PD)
LSLNC031265,NONHSAG018484,NONHSAT140358,16,rs8049001,Parkinson's disease (PD)
LSLNC032571,NONHSAG022004,NONHSAT054164,17,rs2942169,Parkinson's disease
LSLNC032580,NONHSAG022015,NONHSAT054194,17,rs1052551,Parkinson's disease (PD)
LSLNC033147,NONHSAG022004,NONHSAT146907,17,rs2942169,Parkinson's disease
LSLNC036771,NONHSAG032748,NONHSAT081899,21,rs881387,Parkinson's disease
LSLNC040198,NONHSAG027025,NONHSAT069207,2,rs12992291,Parkinson's disease
LSLNC040369,NONHSAG027840,NONHSAT070861,2,rs17049848,Parkinson's disease (PD)
LSLNC040370,NONHSAG027840,NONHSAT070862,2,rs17049848,Parkinson's disease (PD)
LSLNC042453,NONHSAG034594,NONHSAT088652,3,rs17583756,Parkinson's disease (PD)
LSLNC042480,NONHSAG034656,NONHSAT088794,3,rs9310867,Parkinson's disease
LSLNC043254,NONHSAG035667,NONHSAT091020,3,rs11915523,Parkinson's disease (PD)
LSLNC043255,NONHSAG035667,NONHSAT091023,3,rs11915523,Parkinson's disease (PD)
LSLNC043286,NONHSAG035833,NONHSAT091361,3,rs500097,Parkinson's disease (PD)
LSLNC044378,NONHSAG038869,NONHSAT098296,4,rs9991621,Parkinson's disease (interaction with coffee consumption)
LSLNC046248,NONHSAG056029,NONHSAT108050,6,rs6918975,Parkinson's disease
LSLNC046711,NONHSAG042600,NONHSAT106490,6,rs17203091,Parkinson's disease
LSLNC046712,NONHSAG042600,NONHSAT106492,6,rs17203091,Parkinson's disease
LSLNC047576,NONHSAG045032,NONHSAT115325,6,rs6939141,Parkinson's disease
LSLNC047578,NONHSAG045032,NONHSAT115327,6,rs6939141,Parkinson's disease
LSLNC049966,NONHSAG050375,NONHSAT126946,8,rs10504370,Parkinson's disease (PD)
LSLNC049977,NONHSAG050396,NONHSAT126986,8,rs6981589,Parkinson's disease (PD)
LSLNC054380,NONHSAG011699,NONHSAT029488,12,rs2586944,Parkinson's disease
LSLNC054397,NONHSAG011721,NONHSAT029536,12,rs10879957,Parkinson's disease (PD)
LSLNC056192,NONHSAG014611,NONHSAT036216,14,rs10132126,Parkinson's disease (interaction with coffee consumption)
LSLNC057911,NONHSAG018026,NONHSAT050725,15,rs2045325,Parkinson's disease
LSLNC059992,NONHSAG022308,NONHSAT054900,17,rs7212879,Parkinson's disease
LSLNC059993,NONHSAG022308,NONHSAT054901,17,rs7212879,Parkinson's disease
LSLNC060362,NONHSAG023194,NONHSAT056913,18,rs12604106,Parkinson's disease
LSLNC061516,NONHSAG025406,NONHSAT064098,19,rs12610908,Parkinson's disease (PD)
LSLNC062834,NONHSAG032423,NONHSAT081219,21,rs9982918,Parkinson's disease (interaction with coffee consumption)
LSLNC062835,NONHSAG032423,NONHSAT081221,21,rs9982918,Parkinson's disease (interaction with coffee consumption)
LSLNC062836,NONHSAG032423,NONHSAT081222,21,rs9982918,Parkinson's disease (interaction with coffee consumption)
LSLNC062837,NONHSAG032423,NONHSAT081223,21,rs9982918,Parkinson's disease (interaction with coffee consumption)
LSLNC065366,NONHSAG038463,NONHSAT097478,4,rs986825,Parkinson's disease (PD) (age of onset)
LSLNC065367,NONHSAG038463,NONHSAT097480,4,rs986825,Parkinson's disease (PD) (age of onset)
LSLNC066160,NONHSAG009190,NONHSAT023299,11,rs17827500,Cognitive outcome in Parkinson's disease
LSLNC066273,NONHSAG011494,NONHSAT029069,12,rs17125993,Parkinson's disease
LSLNC066655,NONHSAG019004,NONHSAT141542,16,rs7185232,Parkinson's disease
LSLNC067638,,hsaLB_5UO_80134,13,rs9530703,Parkinson's disease
LSLNC067703,,hsaLB_AN_114212,21,rs11702444,Parkinson's disease
LSLNC067781,,hsaLB_AN_36122,5,rs1364937,Parkinson's disease (PD)
LSLNC070289,,hsaLB_IO_14488,2,rs7577851,Parkinson's disease (PD) (age of onset)
LSLNC070458,,hsaLB_IO_17266,2,rs4954218,Parkinson's disease
LSLNC071729,,hsaLB_IO_34226,5,rs10075461,Parkinson's disease (interaction with coffee consumption)
LSLNC072072,,hsaLB_IO_3918,1,rs10889019,Parkinson's disease
LSLNC072181,,hsaLB_IO_40864,6,rs2071280,Parkinson's disease
LSLNC072422,,hsaLB_IO_44313,6,rs9347562,Parkinson's disease (PD)
LSLNC073271,,hsaLB_IO_57598,9,rs4143736,Cognitive outcome in Parkinson's disease
LSLNC073649,,hsaLB_IO_66271,11,rs780382,Parkinson's disease (PD)
LSLNC074469,,hsaLB_IO_75366,12,rs11174626,Parkinson's disease (PD)
LSLNC075347,,hsaLB_IO_87350,15,rs1863270,Parkinson's disease (PD)
LSLNC075819,,hsaLB_IO_91982,16,rs7185232,Parkinson's disease
LSLNC077614,,hsaLB_LI_24314,3,rs11915523,Parkinson's disease (PD)
LSLNC078053,,hsaLB_LI_43772,6,rs6939141,Parkinson's disease
LSLNC078304,,hsaLB_LI_53180,8,rs6981589,Parkinson's disease (PD)
LSLNC078366,,hsaLB_LI_55936,9,rs1014006,Parkinson's disease (PD)
LSLNC078367,,hsaLB_LI_55937,9,rs1014006,Parkinson's disease (PD)
LSLNC078950,,hsaLB_LI_80216,13,rs9574547,Parkinson's disease (PD)
LSLNC079175,,hsaLB_LI_94738,16,rs987052,Parkinson's disease (PD)
LSLNC084132,,hsaLB_PT_18578,2,rs13003114,Parkinson's disease (PD)
LSLNC084283,,hsaLB_PT_21729,3,rs2336055,Parkinson's disease (PD)
LSLNC085042,,hsaLB_PT_34225,5,rs10075461,Parkinson's disease (interaction with coffee consumption)
LSLNC085043,,hsaLB_PT_34227,5,rs10075461,Parkinson's disease (interaction with coffee consumption)
LSLNC085047,,hsaLB_PT_34403,5,rs4699931,Parkinson's disease
LSLNC085309,,hsaLB_PT_3919,1,rs10889019,Parkinson's disease
LSLNC085312,,hsaLB_PT_3930,1,rs706412,Parkinson's disease
LSLNC085591,,hsaLB_PT_4403,1,rs988421,Parkinson's disease (PD)
LSLNC086011,,hsaLB_PT_50938,8,rs12542249,Parkinson's disease
LSLNC086194,,hsaLB_PT_55167,8,rs7834010,Parkinson's disease (PD) (age of onset)
LSLNC086198,,hsaLB_PT_55171,8,rs7834010,Parkinson's disease (PD) (age of onset)
LSLNC086199,,hsaLB_PT_55172,8,rs7834010,Parkinson's disease (PD) (age of onset)
LSLNC086260,,hsaLB_PT_55935,9,rs1014006,Parkinson's disease (PD)
LSLNC086613,,hsaLB_PT_59952,9,rs886089,Parkinson's disease (PD)
LSLNC086732,,hsaLB_PT_61058,10,rs650810,Parkinson's disease
LSLNC086733,,hsaLB_PT_61059,10,rs650810,Parkinson's disease
LSLNC087069,,hsaLB_PT_64196,10,rs17115100,Parkinson's disease
LSLNC087627,,hsaLB_PT_72354,12,rs10849446,Parkinson's disease (PD)
LSLNC088372,,hsaLB_PT_82680,14,rs7147286,Parkinson's disease (PD)
LSLNC089564,,hsaLB_5UO_34867,5,rs11748485,Parkinson's disease
LSLNC089579,,hsaLB_5UO_45859,7,rs1420143,Parkinson's disease (PD) (age of onset)
LSLNC090637,,hsaLB_IO_102529,18,rs693405,Parkinson's disease
LSLNC091629,,hsaLB_IO_113261,21,rs9982918,Parkinson's disease (interaction with coffee consumption)
LSLNC092417,,hsaLB_IO_17255,2,rs6729702,Parkinson's disease (PD)
LSLNC092455,,hsaLB_IO_18085,2,rs7583952,Parkinson's disease
LSLNC092456,,hsaLB_IO_18118,2,rs7583952,Parkinson's disease
LSLNC093187,,hsaLB_IO_25584,3,rs6791621,Parkinson's disease
LSLNC093615,,hsaLB_IO_31654,4,rs10003349,Parkinson's disease
LSLNC093616,,hsaLB_IO_31656,4,rs10003349,Parkinson's disease
LSLNC093727,,hsaLB_IO_33671,5,rs2330778,Parkinson's disease
LSLNC096119,,hsaLB_IO_70361,11,rs6589988,Parkinson's disease
LSLNC096966,,hsaLB_IO_78657,13,rs6491069,Parkinson's disease (PD) (age of onset)
LSLNC097270,,hsaLB_IO_83911,14,rs10131136,Parkinson's disease
LSLNC097545,,hsaLB_IO_87684,15,rs10152544,Parkinson's disease
LSLNC097695,,hsaLB_IO_89356,15,rs7171137,Parkinson's disease (PD)
LSLNC097696,,hsaLB_IO_89358,15,rs7171137,Parkinson's disease (PD)
LSLNC097802,,hsaLB_IO_90237,16,rs2235490,Parkinson's disease
LSLNC098309,,hsaLB_IO_94531,16,rs12597778,Parkinson's disease
LSLNC099348,,hsaLB_LI_117390,22,rs386300,Parkinson's disease (PD)
LSLNC099501,,hsaLB_LI_12393,2,rs12992291,Parkinson's disease
LSLNC099763,,hsaLB_LI_20680,2,rs11904223,Parkinson's disease (PD)
LSLNC100376,,hsaLB_LI_44345,6,rs9458896,Parkinson's disease (PD)
LSLNC100430,,hsaLB_LI_45800,7,rs4722692,Parkinson's disease
LSLNC101602,,hsaLB_LI_94739,16,rs987052,Parkinson's disease (PD)
LSLNC101783,,hsaLB_NC_80897,13,rs1933199,Parkinson's disease (PD)
LSLNC105015,,hsaLB_PT_100038,17,rs792402,Parkinson's disease
LSLNC105122,,hsaLB_PT_101690,17,rs2672893,Parkinson's disease (PD)
LSLNC105792,,hsaLB_PT_111538,20,rs6120012,Parkinson's disease
LSLNC106668,,hsaLB_PT_13639,2,rs12328510,Parkinson's disease (PD) (age of onset)
LSLNC106923,,hsaLB_PT_18084,2,rs7583952,Parkinson's disease
LSLNC106924,,hsaLB_PT_18086,2,rs7583952,Parkinson's disease
LSLNC107762,,hsaLB_PT_3079,1,rs669446,Parkinson's disease
LSLNC107763,,hsaLB_PT_3080,1,rs669446,Parkinson's disease
LSLNC107841,,hsaLB_PT_32158,4,rs1874505,Parkinson's disease
LSLNC108115,,hsaLB_PT_36784,5,rs4976284,Parkinson's disease
LSLNC108492,,hsaLB_PT_43461,6,rs2184784,Parkinson's disease
LSLNC108583,,hsaLB_PT_45481,7,rs10258022,Parkinson's disease (PD)
LSLNC109897,,hsaLB_PT_64084,10,rs7090670,Parkinson's disease
LSLNC110393,,hsaLB_PT_70731,11,rs12802504,Parkinson's disease
LSLNC110394,,hsaLB_PT_70732,11,rs12802504,Parkinson's disease
LSLNC110395,,hsaLB_PT_70733,11,rs12802504,Parkinson's disease
LSLNC110396,,hsaLB_PT_70734,11,rs12802504,Parkinson's disease
LSLNC110397,,hsaLB_PT_70735,11,rs12802504,Parkinson's disease
LSLNC110398,,hsaLB_PT_70737,11,rs12802504,Parkinson's disease
LSLNC110399,,hsaLB_PT_70738,11,rs12802504,Parkinson's disease
LSLNC110400,,hsaLB_PT_70739,11,rs12802504,Parkinson's disease
LSLNC110401,,hsaLB_PT_70741,11,rs12802504,Parkinson's disease
LSLNC110522,,hsaLB_PT_72332,12,rs3181291,Parkinson's disease (PD)
LSLNC110523,,hsaLB_PT_72333,12,rs3181291,Parkinson's disease (PD)
LSLNC111600,,hsaLB_PT_89359,15,rs7171137,Parkinson's disease (PD)
LSLNC111882,,hsaLB_PT_94367,16,rs17652533,Parkinson's disease
LSLNC111892,,hsaLB_PT_94535,16,rs12597778,Parkinson's disease
LSLNC112236,,hsaLB_PT_99321,17,rs4792891,Parkinson's disease
LSLNC112699,lnc-AC007405.2.1-2,lnc-AC007405.2.1-2:3; NONHSAT075413,2,rs10191600,Parkinson's disease
LSLNC113330,lnc-AC091132.2-1,lnc-AC091132.2-1:2; NONHSAT054176,17,rs17649162,Parkinson's disease
LSLNC113388,lnc-AC092327.1-2; XLOC_012044; linc-COX4NB-7,lnc-AC092327.1-2:1; TCONS_00025086,16,rs987052,Parkinson's disease (PD)
LSLNC113392,lnc-AC092327.1-2; XLOC_012044; linc-COX4NB-7,lnc-AC092327.1-2:2; TCONS_00024764; NONHSAT144185,16,rs987052,Parkinson's disease (PD)
LSLNC113448,lnc-AC093802.1.1-2,lnc-AC093802.1.1-2:1; NR_037808,2,rs11904223,Parkinson's disease (PD)
LSLNC113654,lnc-AC124890.1-1; ENSG00000251695,lnc-AC124890.1-1:1; ENST00000504589,12,rs11177355,Parkinson's disease (PD)
LSLNC114371,lnc-AEBP2-1; ENSG00000248116,lnc-AEBP2-1:1; ENST00000510738,12,rs2961370,Parkinson's disease
LSLNC114452,lnc-AGGF1-3,lnc-AGGF1-3:21; ucscGeneNc_uc003kez_1,5,rs1479560,Parkinson's disease
LSLNC114566,lnc-AIMP1-2,lnc-AIMP1-2:1; l_2701_chr4:107574131-107597955_testes,4,rs4956263,Parkinson's disease (PD)
LSLNC116394,lnc-ARHGAP15-17,lnc-ARHGAP15-17:1; ucscGeneNc_uc002twc_2,2,rs17677601,Parkinson's disease
LSLNC116638,lnc-ARMC1-1; XLOC_007105; linc-CYP7B1-2,lnc-ARMC1-1:2; TCONS_00014477; NR_033893,8,rs6981589,Parkinson's disease (PD)
LSLNC116752,lnc-AS3MT-1,lnc-AS3MT-1:1; NR_037644,10,rs11191425,Parkinson's disease (PD)
LSLNC117101,lnc-ATP2A1-1; ENSG00000245192; AC109460.2,lnc-ATP2A1-1:1; ENST00000499485; NONHSAT141542,16,rs7185232,Parkinson's disease
LSLNC119974,lnc-C4orf33-1,lnc-C4orf33-1:6; NONHSAT098298,4,rs9991621,Parkinson's disease (interaction with coffee consumption)
LSLNC119976,lnc-C4orf33-6,lnc-C4orf33-6:1; ucscGeneNc_uc003igw_1,4,rs10011007,Parkinson's disease
LSLNC121219,lnc-CBLB-7; ENSG00000242759; RP11-280F2.2; ENSG00000242759.1; OTTHUMG00000159196.1,lnc-CBLB-7:2; ENST00000477210; ENST00000477210.1; RP11-280F2.2-003; OTTHUMT00000353790.1,3,rs11915523,Parkinson's disease (PD)
LSLNC121220,lnc-CBLB-7,lnc-CBLB-7:20; NONHSAT091021,3,rs11915523,Parkinson's disease (PD)
LSLNC121221,lnc-CBLB-7,lnc-CBLB-7:23; NONHSAT091023,3,rs11915523,Parkinson's disease (PD)
LSLNC121223,lnc-CBLB-7; XLOC_003204; linc-CBLB-6,lnc-CBLB-7:3; TCONS_00005398,3,rs11915523,Parkinson's disease (PD)
LSLNC121224,lnc-CBLB-7; XLOC_003204; linc-CBLB-6; ENSG00000242759; RP11-280F2.2; ENSG00000242759.1; OTTHUMG00000159196.1,lnc-CBLB-7:5; TCONS_00005803; ENST00000479612; ENST00000479612.1; RP11-280F2.2-004; OTTHUMT00000353791.1; NONHSAT091024,3,rs11915523,Parkinson's disease (PD)
LSLNC121225,lnc-CBLB-7; XLOC_003204; linc-CBLB-6,lnc-CBLB-7:6; TCONS_00006588; NONHSAT091018,3,rs11915523,Parkinson's disease (PD)
LSLNC122345,lnc-CDX2-2; ENSG00000247381; RP11-438F9.2; ENSG00000247381.1; PDX1-AS1; OTTHUMG00000170578.1,lnc-CDX2-2:1; ENST00000499662; ENST00000499662.1; PDX1-AS1-001; OTTHUMT00000409665.1; NONHSAT032675,13,rs1778789,Parkinson's disease
LSLNC122346,lnc-CDX2-2,lnc-CDX2-2:2; NR_047484,13,rs1778789,Parkinson's disease
LSLNC122462,lnc-CELF4-7; ENSG00000249862; AC016205.1,lnc-CELF4-7:2; ENST00000503211; NONHSAT059015; NR_024391,18,rs1469593,Parkinson's disease
LSLNC125766,lnc-DMGDH-1,lnc-DMGDH-1:2; NONHSAT102344,5,rs10079160,Parkinson's disease (interaction with coffee consumption)
LSLNC126052,lnc-DPCD-9,lnc-DPCD-9:2; NONHSAT016053,10,rs7090670,Parkinson's disease
LSLNC126061,lnc-DPH3-3,lnc-DPH3-3:1; NONHSAT088502,3,rs1454768,Parkinson's disease
LSLNC126138,lnc-DRD5-10; XLOC_003457; linc-CPEB2-10,lnc-DRD5-10:1; TCONS_00008756; NONHSAT095526,4,rs12647573,Parkinson's disease
LSLNC126152,lnc-DRD5-23,lnc-DRD5-23:1; l_2606_chr4:11075205-11389184_testes,4,rs10488972,Parkinson's disease
LSLNC126976,lnc-ELF2-5,lnc-ELF2-5:2; NONHSAT098453,4,rs3762864,Parkinson's disease
LSLNC127555,lnc-EVX1-19,lnc-EVX1-19:1; NONHSAT119729,7,rs4722692,Parkinson's disease
LSLNC127833,lnc-FAM101A-2; XLOC_009927; linc-FAM101A-2,lnc-FAM101A-2:4; TCONS_00020612; NONHSAT031648,12,rs7302734,Parkinson's disease
LSLNC129092,lnc-FBXO11-6,lnc-FBXO11-6:1; NONHSAT070598,2,rs2710163,Parkinson's disease
LSLNC129434,lnc-FH-7,lnc-FH-7:1; NONHSAT010513,1,rs6683031,Parkinson's disease
LSLNC129762,lnc-FOXF1-2; ENSG00000248463; XLOC_011813; linc-FOXF1-2; AC040170.1,lnc-FOXF1-2:1; ENST00000511252; TCONS_00024297,16,rs987052,Parkinson's disease (PD)
LSLNC129763,lnc-FOXF1-2,lnc-FOXF1-2:3; NR_038438,16,rs987052,Parkinson's disease (PD)
LSLNC130973,lnc-GLIS3-2,lnc-GLIS3-2:2; NONHSAT130037,9,rs10123460,Parkinson's disease (interaction with coffee consumption)
LSLNC131055,lnc-GMDS-10,lnc-GMDS-10:1; NONHSAT106492,6,rs17203091,Parkinson's disease
LSLNC131056,lnc-GMDS-10,lnc-GMDS-10:2; NONHSAT106490,6,rs17203091,Parkinson's disease
LSLNC131770,lnc-GREB1-10,lnc-GREB1-10:4; NONHSAT069210; ucscGeneNc_uc002rbu_1,2,rs12992291,Parkinson's disease
LSLNC132707,lnc-HIVEP2-2; ENSG00000229017.1; RP11-439L18.3; OTTHUMG00000015718.1,lnc-HIVEP2-2:1; ENST00000419957.1; RP11-439L18.3-001; OTTHUMT00000042502.1,6,rs6939141,Parkinson's disease
LSLNC132708,lnc-HIVEP2-2,lnc-HIVEP2-2:10; NR_038987,6,rs6939141,Parkinson's disease
LSLNC132714,lnc-HIVEP2-2,lnc-HIVEP2-2:7; NONHSAT115327,6,rs6939141,Parkinson's disease
LSLNC135093,lnc-KIAA0020-4,lnc-KIAA0020-4:1; NONHSAT130005,9,rs10122587,Parkinson's disease (PD)
LSLNC136369,lnc-LINGO2-5,lnc-LINGO2-5:1; l_3747_chr9:28937768-29203552_brain,9,rs2096168,Parkinson's disease
LSLNC136556,lnc-LPIN1-1,lnc-LPIN1-1:10; NR_110196,2,rs12992291,Parkinson's disease
LSLNC137089,lnc-LYPLAL1-1; XLOC_000566; linc-IARS2-3,lnc-LYPLAL1-1:2; TCONS_00001278; NONHSAT009546,1,rs4339871,Parkinson's disease
LSLNC137301,lnc-MAN1A1-1,lnc-MAN1A1-1:3; NONHSAT114715,6,rs807302,Parkinson's disease (PD)
LSLNC138873,lnc-MRPS23-1,lnc-MRPS23-1:3; NONHSAT054900,17,rs7212879,Parkinson's disease
LSLNC139963,lnc-NDFIP2-17,lnc-NDFIP2-17:1; l_882_chr13:79483259-79631282_brain,13,rs1036745,Parkinson's disease (PD)
LSLNC139995,lnc-NDFIP2-7; XLOC_010451; linc-SLITRK5-11,lnc-NDFIP2-7:1; TCONS_00021856; NONHSAT034503,13,rs7995973,Parkinson's disease (PD)
LSLNC140109,lnc-NDUFS6-5; XLOC_004250; linc-C5orf38-5,lnc-NDUFS6-5:2; TCONS_00009833; NONHSAT100083,5,rs17538179,Parkinson's disease
LSLNC140110,lnc-NDUFS6-5; XLOC_004250; linc-C5orf38-5,lnc-NDUFS6-5:3; TCONS_00009834; NONHSAT100084,5,rs17538179,Parkinson's disease
LSLNC140111,lnc-NDUFS6-5; XLOC_004250; linc-C5orf38-5,lnc-NDUFS6-5:4; TCONS_00009835; NONHSAT100085,5,rs17538179,Parkinson's disease
LSLNC145607,lnc-QKI-2; XLOC_005531; linc-FGFR1OP-9,lnc-QKI-2:1; TCONS_00012012; NONHSAT115971,6,rs9458896,Parkinson's disease (PD)
LSLNC145608,lnc-QKI-2; XLOC_005531; linc-FGFR1OP-9,lnc-QKI-2:2; TCONS_00011199; NONHSAT115972,6,rs9458896,Parkinson's disease (PD)
LSLNC148189,lnc-RP11-82I10.1.1-12,lnc-RP11-82I10.1.1-12:2; NONHSAT050725,15,rs2045325,Parkinson's disease
LSLNC149282,lnc-SCLT1-6,lnc-SCLT1-6:1; ucscGeneNc_uc003igv_2,4,rs9991621,Parkinson's disease (interaction with coffee consumption)
LSLNC150421,lnc-SLAIN1-5,lnc-SLAIN1-5:1; NONHSAT034430,13,rs7358970,Parkinson's disease
LSLNC150832,lnc-SLC2A13-3,lnc-SLC2A13-3:5; NONHSAT027727,12,rs9705735,Parkinson's disease
LSLNC152008,lnc-SOX4-1,lnc-SOX4-1:4; NONHSAT108047,6,rs6918975,Parkinson's disease
LSLNC152010,lnc-SOX4-1,lnc-SOX4-1:7; NONHSAT108050,6,rs6918975,Parkinson's disease
LSLNC152011,lnc-SOX4-1,lnc-SOX4-1:9; ucscGeneNc_uc003ndj_1,6,rs6918975,Parkinson's disease
LSLNC152043,lnc-SP3-3,lnc-SP3-3:5; NR_033882,2,rs10182247,Parkinson's disease (PD)
LSLNC152346,lnc-SPRY2-1; XLOC_010670; linc-RBM26-1,lnc-SPRY2-1:2; TCONS_00022301,13,rs9574547,Parkinson's disease (PD)
LSLNC152819,lnc-STH-1,lnc-STH-1:1; NONHSAT054194,17,rs1052551,Parkinson's disease (PD)
LSLNC153144,lnc-SURF6-1,lnc-SURF6-1:1; NONHSAT135301; NR_103874,9,rs886089,Parkinson's disease (PD)
LSLNC153170,lnc-SWAP70-2,lnc-SWAP70-2:2; NR_120539,11,rs780382,Parkinson's disease (PD)
LSLNC154574,lnc-TMEM105-1; ENSG00000250297,lnc-TMEM105-1:1; ENST00000505044,17,rs2672893,Parkinson's disease (PD)
LSLNC155514,lnc-TOP3A-1; ENSG00000249596,lnc-TOP3A-1:1; ENST00000503497,17,rs854793,Parkinson's disease
LSLNC155908,lnc-TRIM36-4,lnc-TRIM36-4:3; NONHSAT103280,5,rs1364937,Parkinson's disease (PD)
LSLNC156828,lnc-UBE2E2-2,lnc-UBE2E2-2:3; NR_046876,3,rs17583756,Parkinson's disease (PD)
LSLNC157175,lnc-UQCRFS1-1; ENSG00000245448; AC011474.1,lnc-UQCRFS1-1:1; ENST00000535449,19,rs12610908,Parkinson's disease (PD)
LSLNC157741,lnc-VRK2-5,lnc-VRK2-5:12; NONHSAT070864; NR_033873,2,rs17049848,Parkinson's disease (PD)
LSLNC157773,lnc-VSTM2B-1; ENSG00000245448,lnc-VSTM2B-1:1; ENST00000535449,19,rs12610908,Parkinson's disease (PD)
LSLNC157923,lnc-WDHD1-3,lnc-WDHD1-3:1; NONHSAT036974,14,rs7147286,Parkinson's disease (PD)
LSLNC158746,lnc-ZCWPW2-2; ENSG00000228214.1; AC109586.1; OTTHUMG00000155718.1,lnc-ZCWPW2-2:1; ENST00000432518.1; AC109586.1-001; OTTHUMT00000341375.1,3,rs9310867,Parkinson's disease
LSLNC158747,lnc-ZCWPW2-2,lnc-ZCWPW2-2:5; NONHSAT088793; NR_038840,3,rs9310867,Parkinson's disease
LSLNC158749,lnc-ZCWPW2-3,lnc-ZCWPW2-3:1; l_2335_chr3:28592606-28775292_brain,3,rs9310867,Parkinson's disease
LSLNC158994,lnc-ZIC5-2,lnc-ZIC5-2:3; NR_120421,13,rs9585291,Parkinson's disease
LSLNC159716,lnc-ZNF608-7,lnc-ZNF608-7:4; NR_125774,5,rs37391,Parkinson's disease (PD)
LSLNC160457,lnc-DPCD-9,hsaLB_PT_64083; lnc-DPCD-9:1; NONHSAT016052,10,rs7090670,Parkinson's disease
LSLNC160510,,hsaLB_3UO_64195.1; hsaLB_5UO_64195.1; hsaLB_AN_64195.1; hsaLB_IO_64195.1,10,rs999867,Parkinson's disease (PD)
LSLNC160511,lnc-ARL3-2,hsaLB_IO_64197; lnc-ARL3-2:1; NONHSAT016147,10,rs17115100,Parkinson's disease
LSLNC160515,,hsaLB_3UO_64202.1; hsaLB_5UO_64202.1; hsaLB_LI_64202.1,10,rs11191425,Parkinson's disease (PD)
LSLNC160516,lnc-AS3MT-1,hsaLB_IO_64203; lnc-AS3MT-1:2; NONHSAT016152,10,rs3824754,Parkinson's disease (PD)
LSLNC161013,lnc-CDC123-3,hsaLB_PT_60980; lnc-CDC123-3:1; NONHSAT011459,10,rs11596728,Parkinson's disease (PD)
LSLNC161382,,hsaLB_5UO_61057.1; hsaLB_AN_61057.1; hsaLB_IO_61057.1,10,rs650810,Parkinson's disease
LSLNC161634,,hsaLB_5UO_61357.1; hsaLB_IO_61357.1,10,rs41279910,Parkinson's disease
LSLNC164670,NONHSAG009997,NONHSAT025028; hsaLB_5UO_71701.1; hsaLB_AN_71701.1; hsaLB_IO_71701.1,11,rs12364722,Parkinson's disease
LSLNC164671,lnc-KIRREL3-1,hsaLB_PT_71701.2; lnc-KIRREL3-1:1; NONHSAT025028,11,rs12364722,Parkinson's disease
LSLNC164672,lnc-KIRREL3-1,hsaLB_PT_71702; lnc-KIRREL3-1:2; NONHSAT025029,11,rs12364722,Parkinson's disease
LSLNC164673,lnc-KIRREL3-1,hsaLB_PT_71703; lnc-KIRREL3-1:3; NONHSAT025030,11,rs12364722,Parkinson's disease
LSLNC167457,lnc-NARS2-1,hsaLB_PT_69850; lnc-NARS2-1:1; NONHSAT023299,11,rs17827500,Cognitive outcome in Parkinson's disease
LSLNC167749,lnc-TRIM49L2-4,hsaLB_IO_70159; lnc-TRIM49L2-4:1; NONHSAT023581,11,rs7928477,Parkinson's disease (PD)
LSLNC167971,ENSG00000255476.1; RP11-1H15.2; OTTHUMG00000165891.1; lnc-SWAP70-2,ENST00000533659.1; RP11-1H15.2-001; hsaLB_AN_66272; lnc-SWAP70-2:1; OTTHUMT00000386926.1,11,rs780382,Parkinson's disease (PD)
LSLNC168939,lnc-FAM101A-2; ENSG00000255906.1; RP11-522N14.1; OTTHUMG00000168597.1,hsaLB_PT_77832; lnc-FAM101A-2:1; ENST00000540762.1; RP11-522N14.1-002; OTTHUMT00000400378.1; NONHSAT031628,12,rs10773058,Parkinson's disease
LSLNC168940,lnc-FAM101A-2; ENSG00000255906.1; RP11-522N14.1; OTTHUMG00000168597.1,hsaLB_PT_77834; lnc-FAM101A-2:2; ENST00000545615.1; RP11-522N14.1-001; OTTHUMT00000400379.1; NONHSAT031630,12,rs10773058,Parkinson's disease
LSLNC168955,NONHSAG012632,NONHSAT031648; hsaLB_LI_77849,12,rs7302734,Parkinson's disease
LSLNC169934,lnc-EFCAB4B-5,hsaLB_PT_72218; lnc-EFCAB4B-5:1; NONHSAT025919,12,rs11062784,Parkinson's disease (PD) (age of onset)
LSLNC171020,lnc-C12orf61-2,hsaLB_PT_75336; lnc-C12orf61-2:6; NONHSAT029069,12,rs17125993,Parkinson's disease
LSLNC171495,lnc-TPH2-1,hsaLB_PT_75745; lnc-TPH2-1:4; NONHSAT029456,12,rs4237862,Parkinson's disease
LSLNC171534,lnc-KCNC2-4; ENSG00000258109; RP11-314D7.4; ENSG00000258109.1; OTTHUMG00000169686.1,hsaLB_LI_75768; lnc-KCNC2-4:1; ENST00000549058; ENST00000549058.1; RP11-314D7.4-001; OTTHUMT00000405453.1; NONHSAT029488,12,rs2586944,Parkinson's disease
LSLNC171582,ENSG00000258077; ENSG00000258077.2; RP11-114H23.1; OTTHUMG00000169765.4; lnc-KRR1-2; ENSG00000258077.1; OTTHUMG00000169765.3,ENST00000552856; ENST00000552856.1; RP11-114H23.1-001; hsaLB_LI_75814; lnc-KRR1-2:1; OTTHUMT00000405775.2; NONHSAT029536,12,rs10879957,Parkinson's disease (PD)
LSLNC172744,lnc-ATP12A-1,hsaLB_PS_78606; lnc-ATP12A-1:4; NONHSAT032514,13,rs2862909,Parkinson's disease (PD)
LSLNC172835,NONHSAG013090,NONHSAT032675; hsaLB_AN_78732,13,rs1778789,Parkinson's disease
LSLNC172836,ENSG00000247381.2; PDX1-AS1; OTTHUMG00000170578.1; lnc-CDX2-2,ENST00000499662.2; PDX1-AS1-001; hsaLB_AN_78733; lnc-CDX2-2:3; NONHSAT140113,13,rs1778789,Parkinson's disease
LSLNC173525,lnc-RNASEH2B-3,hsaLB_PT_79622; lnc-RNASEH2B-3:40; NONHSAT033846,13,rs1928123,Parkinson's disease (PD)
LSLNC173526,lnc-RNASEH2B-3,hsaLB_PT_79621; lnc-RNASEH2B-3:39; NONHSAT033843,13,rs1928123,Parkinson's disease (PD)
LSLNC173531,NONHSAG013524,NONHSAT033851; hsaLB_LI_79628.1,13,rs1928123,Parkinson's disease (PD)
LSLNC173534,lnc-RNASEH2B-3; XLOC_010390; linc-RNASEH2B-1,hsaLB_PT_79628.2; lnc-RNASEH2B-3:4; TCONS_00021490; NONHSAT033851,13,rs1928123,Parkinson's disease (PD)
LSLNC173935,NONHSAG013825,NONHSAT034433; hsaLB_AN_80136.1; hsaLB_IO_80136.1,13,rs7358970,Parkinson's disease
LSLNC173936,ENSG00000234377.3; RNF219-AS1; OTTHUMG00000185746.4; lnc-SLAIN1-3,ENST00000607862.1; RNF219-AS1-013; hsaLB_AN_80136.2; lnc-SLAIN1-3:2; NONHSAT034433,13,rs7358970,Parkinson's disease
LSLNC174009,NONHSAG013856,NONHSAT034503; hsaLB_LI_80213,13,rs7995973,Parkinson's disease (PD)
LSLNC175307,ENSG00000248975; ENSG00000248975.2; CTD-2251F13.1; OTTHUMG00000170491.1; lnc-PRKD1-1,ENST00000549360; ENST00000549360.1; CTD-2251F13.1-002; OTTHUMT00000409381.1; hsaLB_LI_81930; lnc-PRKD1-1:4; NONHSAT036216,14,rs10132126,Parkinson's disease (interaction with coffee consumption)
LSLNC175888,lnc-WDHD1-3,hsaLB_PT_82681; lnc-WDHD1-3:2; NONHSAT036973,14,rs7147286,Parkinson's disease (PD)
LSLNC176424,,hsaLB_3UO_83468.1; hsaLB_5UO_83468.1; hsaLB_IO_83468.1,14,rs847360,Parkinson's disease
LSLNC176874,ENSG00000259053.1; RP11-33N16.3; lnc-RP11-944C7.1.1-1; OTTHUMG00000170977.1,ENST00000555070.1; RP11-33N16.3-001; hsaLB_PT_84114; lnc-RP11-944C7.1.1-1:1; OTTHUMT00000411023.1; NONHSAT039185,14,rs7154015,Parkinson's disease
LSLNC178749,lnc-ADAM10-9,hsaLB_PT_87199; lnc-ADAM10-9:1; NONHSAT044093,15,rs1816879,Parkinson's disease (PD)
LSLNC178862,lnc-NARG2-7,hsaLB_PT_87353; lnc-NARG2-7:3; NONHSAT044228,15,rs1863270,Parkinson's disease (PD)
LSLNC178863,lnc-NARG2-7,hsaLB_IO_87354; lnc-NARG2-7:2; NONHSAT044229,15,rs1863270,Parkinson's disease (PD)
LSLNC180812,,hsaLB_3UO_90229.1; hsaLB_5UO_90229.1; hsaLB_IO_90229.1,16,rs3169425,Parkinson's disease
LSLNC180822,lnc-HN1L-1,hsaLB_PT_90235; lnc-HN1L-1:1; NONHSAT051994,16,rs2235490,Parkinson's disease
LSLNC182340,ENSG00000260411.2; RP11-420N3.2; OTTHUMG00000177111.3; lnc-RP11-124K4.2.1-1; ENSG00000260411.1; OTTHUMG00000177111.2,ENST00000569895.1; RP11-420N3.2-001; hsaLB_PT_90892; lnc-RP11-124K4.2.1-1:1; OTTHUMT00000435404.2; NONHSAT140344,16,rs2067935,Parkinson's disease
LSLNC182630,lnc-RP11-124K4.2.1-1,hsaLB_PT_90902; lnc-RP11-124K4.2.1-1:3; NONHSAT140355,16,rs34255679,Parkinson's disease (PD)
LSLNC182713,lnc-RP11-124K4.2.1-1,hsaLB_PT_90904; lnc-RP11-124K4.2.1-1:4; NONHSAT140358,16,rs8049001,Parkinson's disease (PD)
LSLNC183451,NONHSAG020125,NONHSAT143997; hsaLB_IA_94536.1,16,rs12597778,Parkinson's disease
LSLNC183452,ENSG00000260832.1; CTD-3253I12.1; OTTHUMG00000176638.1; lnc-MPHOSPH6-3,ENST00000565238.1; CTD-3253I12.1-001; hsaLB_AN_94536.2; lnc-MPHOSPH6-3:1; OTTHUMT00000432935.1; NONHSAT143997; NR_110937,16,rs12597778,Parkinson's disease
LSLNC183605,NONHSAG020213,NONHSAT144185; hsaLB_LI_94736,16,rs987052,Parkinson's disease (PD)
LSLNC183607,NONHSAG020214,NONHSAT144187; hsaLB_NC_94740,16,rs987052,Parkinson's disease (PD)
LSLNC183608,ENSG00000268532; ENSG00000268532.1; RP11-514D23.1; OTTHUMG00000183866.1; lnc-FOXF1-2,ENST00000599486; ENST00000599486.1; RP11-514D23.1-001; lnc-FOXF1-2:2; NONHSAT144187,16,rs987052,Parkinson's disease (PD)
LSLNC186053,,hsaLB_5UO_99294.1; hsaLB_LI_99294.1,17,rs2942169,Parkinson's disease
LSLNC186059,ENSG00000263715.2; RP11-105N13.4; OTTHUMG00000178270.2; lnc-C17orf69-2; ENSG00000263715.1; OTTHUMG00000178270.1,ENST00000582044.1; RP11-105N13.4-001; hsaLB_PT_99301; lnc-C17orf69-2:1; OTTHUMT00000441240.1; NONHSAT146907,17,rs2942169,Parkinson's disease
LSLNC186060,ENSG00000263715.2; RP11-105N13.4; lnc-C17orf69-2,ENST00000587305.1; RP11-105N13.4-002; hsaLB_PT_99302; lnc-C17orf69-2:10; NONHSAT054164,17,rs2942169,Parkinson's disease
LSLNC186073,ENSG00000265964; ENSG00000265964.1; RP11-293E1.1; OTTHUMG00000178245.1; lnc-AC091132.2-2,ENST00000580347; ENST00000580347.1; RP11-293E1.1-001; hsaLB_LI_99314; lnc-AC091132.2-2:1; OTTHUMT00000441152.1; NONHSAT054178,17,rs17563683,Parkinson's disease
LSLNC186694,ENSG00000265542; ENSG00000265542.1; RP11-60A24.3; OTTHUMG00000178773.1; lnc-MRPS23-1,ENST00000581805; ENST00000581805.1; RP11-60A24.3-001; OTTHUMT00000443299.1; hsaLB_LI_100056; lnc-MRPS23-1:2; NONHSAT054901,17,rs7212879,Parkinson's disease
LSLNC186695,ENSG00000265542; ENSG00000265542.1; RP11-60A24.3; OTTHUMG00000178773.1; lnc-MRPS23-1,ENST00000580960; ENST00000580960.1; RP11-60A24.3-002; hsaLB_LI_100055; lnc-MRPS23-1:1; OTTHUMT00000443300.1,17,rs7212879,Parkinson's disease
LSLNC188561,ENSG00000263745; ENSG00000263745.1; RP11-161I6.2; OTTHUMG00000178384.2; lnc-METTL4-2,ENST00000584867; ENST00000584867.1; RP11-161I6.2-001; hsaLB_LI_102283; lnc-METTL4-2:1; OTTHUMT00000441773.1; NONHSAT056913,18,rs12604106,Parkinson's disease
LSLNC188978,NONHSAG023729,NONHSAT059015; hsaLB_AN_103348,18,rs1469593,Parkinson's disease
LSLNC188979,NONHSAG023729,NONHSAT059016; NONHSAT059017; hsaLB_AN_103349.1; hsaLB_AN_103349.2,18,rs1469593,Parkinson's disease
LSLNC188980,ENSG00000267374; ENSG00000267374.1; LINC00669; OTTHUMG00000178312.1; lnc-CELF4-7; ENSG00000249862; AC016205.1,ENST00000591629; ENST00000591629.1; LINC00669-001; hsaLB_LI_103351; lnc-CELF4-7:1; ENST00000510201; NONHSAT059016; lnc-CELF4-7:4; NONHSAT059017,18,rs1469593,Parkinson's disease
LSLNC191231,ENSG00000264515.1; CTC-525D6.1; OTTHUMG00000178958.1; lnc-UQCRFS1-1,ENST00000582581.1; CTC-525D6.1-001; hsaLB_LI_107179; lnc-UQCRFS1-1:2; OTTHUMT00000444111.1; NONHSAT064098; NR_040029,19,rs12610908,Parkinson's disease (PD)
LSLNC197524,NONHSAG004318,NONHSAT009546; hsaLB_LI_10371,1,rs4339871,Parkinson's disease
LSLNC200028,lnc-OMA1-4,hsaLB_PT_3935; lnc-OMA1-4:1; NONHSAT003479,1,rs706412,Parkinson's disease
LSLNC201365,,hsaLB_3UO_110876.1; hsaLB_5UO_110876.1; hsaLB_AN_110876.1; hsaLB_IO_110876.1,20,rs1223271,Parkinson's disease (PD)
LSLNC203222,NONHSAG032423,NONHSAT081220; hsaLB_LI_113257,21,rs9982918,Parkinson's disease (interaction with coffee consumption)
LSLNC203223,ENSG00000215386; ENSG00000215386.6; LINC00478; OTTHUMG00000074377.2; lnc-USP25-2,ENST00000602580; ENST00000602580.1; LINC00478-011; OTTHUMT00000468114.1; hsaLB_LI_113258; lnc-USP25-2:13; NONHSAT081219,21,rs9982918,Parkinson's disease (interaction with coffee consumption)
LSLNC203224,ENSG00000215386; ENSG00000215386.6; LINC00478; OTTHUMG00000074377.2; lnc-USP25-2; C21orf34; ENSG00000215386.5; OTTHUMG00000074377.1,ENST00000458468; ENST00000458468.1; LINC00478-001; hsaLB_LI_113259; lnc-USP25-2:1; OTTHUMT00000158029.1; NONHSAT081220; NR_027790,21,rs9982918,Parkinson's disease (interaction with coffee consumption)
LSLNC203225,ENSG00000215386; ENSG00000215386.6; LINC00478; OTTHUMG00000074377.2; lnc-USP25-2,ENST00000602935; ENST00000602935.1; LINC00478-012; OTTHUMT00000468115.1; hsaLB_LI_113260; lnc-USP25-2:14; NONHSAT081221,21,rs9982918,Parkinson's disease (interaction with coffee consumption)
LSLNC203226,ENSG00000215386; ENSG00000215386.6; LINC00478; OTTHUMG00000074377.2; lnc-USP25-2; C21orf34; ENSG00000215386.5; OTTHUMG00000074377.1,ENST00000400178; ENST00000400178.2; LINC00478-004; OTTHUMT00000158032.1; hsaLB_LI_113262; lnc-USP25-2:2; NONHSAT081222,21,rs9982918,Parkinson's disease (interaction with coffee consumption)
LSLNC203227,lnc-USP25-2,lnc-USP25-2:27; NR_111004; lnc-USP25-2:28; NR_111005,21,rs9982918,Parkinson's disease (interaction with coffee consumption)
LSLNC203228,ENSG00000215386; ENSG00000215386.6; LINC00478; OTTHUMG00000074377.2; lnc-USP25-2; C21orf34; ENSG00000215386.5; OTTHUMG00000074377.1,ENST00000456342; ENST00000456342.1; LINC00478-002; OTTHUMT00000158030.1; hsaLB_LI_113263; lnc-USP25-2:3; NONHSAT081223,21,rs9982918,Parkinson's disease (interaction with coffee consumption)
LSLNC203708,ENSG00000272657.1; AP000320.7; lnc-MRPS6-2; ENSG00000214955.4; AP000318.2; OTTHUMG00000086188.1,ENST00000362077.4; AP000320.7-001; hsaLB_PT_113866; lnc-MRPS6-2:1; AP000318.2-002; OTTHUMT00000194067.1,21,rs8127788,Parkinson's disease (PD)
LSLNC203745,lnc-SETD4-12,hsaLB_PT_113912; lnc-SETD4-12:3; NONHSAT081899,21,rs881387,Parkinson's disease
LSLNC206109,ENSG00000224271; ENSG00000224271.1; RP11-191L9.4; OTTHUMG00000150321.1; lnc-TBC1D22A-4,ENST00000423737; ENST00000423737.1; RP11-191L9.4-001; hsaLB_LI_117388; lnc-TBC1D22A-4:1; OTTHUMT00000317556.1; NR_122046,22,rs386300,Parkinson's disease (PD)
LSLNC206953,ENSG00000224184; ENSG00000224184.1; AC096559.1; OTTHUMG00000151709.2; lnc-LPIN1-1,ENST00000438292; ENST00000438292.1; AC096559.1-006; OTTHUMT00000323602.1; hsaLB_LI_12391; lnc-LPIN1-1:3; NONHSAT069207,2,rs12992291,Parkinson's disease
LSLNC206999,NONHSAG027025,NONHSAT069214; hsaLB_LI_12396.1,2,rs12992291,Parkinson's disease
LSLNC207000,ENSG00000224184; ENSG00000224184.1; AC096559.1; OTTHUMG00000151709.2; lnc-LPIN1-1,ENST00000412294; ENST00000412294.1; AC096559.1-001; hsaLB_LI_12396.2; lnc-LPIN1-1:5; OTTHUMT00000323583.2; NONHSAT069214,2,rs12992291,Parkinson's disease
LSLNC207342,,hsaLB_5UO_17248.1; hsaLB_IO_17248.1,2,rs621341,Parkinson's disease (PD)
LSLNC207346,ENSG00000224043.3; AC016725.4; OTTHUMG00000154855.2; lnc-YSK4-1; CCNT2-AS1,ENST00000392929.2; AC016725.4-003; hsaLB_AN_17252; lnc-YSK4-1:3; OTTHUMT00000337383.2; NONHSAT074567,2,rs1942055,Parkinson's disease
LSLNC208102,,hsaLB_IO_18083.1; hsaLB_IO_18083.2,2,rs7583952,Parkinson's disease
LSLNC208136,NONHSAG029787,NONHSAT075413; hsaLB_AN_18121,2,rs10191600,Parkinson's disease
LSLNC208137,ENSG00000213981.4; AC007277.3; lnc-AC007405.2.1-2,ENST00000423519.2; AC007277.3-002; hsaLB_AN_18122; lnc-AC007405.2.1-2:4,2,rs10191600,Parkinson's disease
LSLNC208238,ENSG00000238133.2; MLK7-AS1; OTTHUMG00000154109.2; lnc-SP3-3,ENST00000422703.1; MLK7-AS1-003; hsaLB_AN_18265; lnc-SP3-3:3; OTTHUMT00000333946.1; NONHSAT075527,2,rs10182247,Parkinson's disease (PD)
LSLNC208239,NONHSAG029841,NONHSAT075528; NONHSAT075529; hsaLB_AN_18266.1,2,rs10182247,Parkinson's disease (PD)
LSLNC208240,ENSG00000238133.2; MLK7-AS1; OTTHUMG00000154109.2; lnc-SP3-3,ENST00000423106.2; MLK7-AS1-001; hsaLB_AN_18266.2; lnc-SP3-3:1; OTTHUMT00000333944.2; NONHSAT075528; lnc-SP3-3:6; NONHSAT075529,2,rs10182247,Parkinson's disease (PD)
LSLNC211150,lnc-EPAS1-3,hsaLB_PT_13641; lnc-EPAS1-3:2; NONHSAT070469,2,rs12328510,Parkinson's disease (PD) (age of onset)
LSLNC211151,NONHSAG027649,NONHSAT070470; hsaLB_IO_13642.1,2,rs12328510,Parkinson's disease (PD) (age of onset)
LSLNC211152,lnc-EPAS1-3,hsaLB_PT_13642.2; lnc-EPAS1-3:3; NONHSAT070470,2,rs12328510,Parkinson's disease (PD) (age of onset)
LSLNC211154,lnc-EPAS1-3,hsaLB_PT_13644; lnc-EPAS1-3:6; NONHSAT070473,2,rs12328510,Parkinson's disease (PD) (age of onset)
LSLNC211260,,hsaLB_3UO_13772.1; hsaLB_5UO_13772.1; hsaLB_AN_13772.1,2,rs2710163,Parkinson's disease
LSLNC211412,,hsaLB_5UO_13953.1; hsaLB_AN_13953.1,2,rs7568979,Parkinson's disease
LSLNC211464,ENSG00000233723; ENSG00000233723.3; AC007092.1; OTTHUMG00000152613.4; lnc-VRK2-5; ENSG00000233723.2; OTTHUMG00000152613.3; LINC01122,ENST00000452840; ENST00000452840.1; AC007092.1-001; hsaLB_LI_13992; lnc-VRK2-5:5; OTTHUMT00000327022.1; NONHSAT070861,2,rs17049848,Parkinson's disease (PD)
LSLNC211466,ENSG00000233723; ENSG00000233723.3; AC007092.1; OTTHUMG00000152613.4; lnc-VRK2-5; ENSG00000233723.2; OTTHUMG00000152613.3; LINC01122,ENST00000449448; ENST00000449448.2; AC007092.1-008; OTTHUMT00000327009.1; hsaLB_LI_13994; lnc-VRK2-5:6; NONHSAT070862,2,rs17049848,Parkinson's disease (PD)
LSLNC211470,NONHSAG027840,NONHSAT070864; hsaLB_IO_13999,2,rs17049848,Parkinson's disease (PD)
LSLNC211471,ENSG00000233723; ENSG00000233723.3; AC007092.1; OTTHUMG00000152613.4; lnc-VRK2-5; ENSG00000233723.2; OTTHUMG00000152613.3; LINC01122,ENST00000427421; ENST00000427421.1; AC007092.1-005; OTTHUMT00000327006.1; hsaLB_LI_14000; lnc-VRK2-5:7,2,rs17049848,Parkinson's disease (PD)
LSLNC211475,ENSG00000271955; ENSG00000271955.1; RP11-444A22.1; OTTHUMG00000185541.1; lnc-BCL11A-16,ENST00000606382; ENST00000606382.1; RP11-444A22.1-001; hsaLB_LI_14004; lnc-BCL11A-16:1,2,rs6760859,Parkinson's disease (PD)
LSLNC213181,NONHSAG035667,NONHSAT091001; hsaLB_LI_24292.1,3,rs11915523,Parkinson's disease (PD)
LSLNC213182,ENSG00000242759; ENSG00000242759.2; LINC00882; OTTHUMG00000159196.2; lnc-CBLB-7; RP11-280F2.2; ENSG00000242759.1; OTTHUMG00000159196.1,ENST00000484698; ENST00000484698.1; LINC00882-001; hsaLB_LI_24292.2; lnc-CBLB-7:4; RP11-280F2.2-001; OTTHUMT00000353788.1; NONHSAT091001,3,rs11915523,Parkinson's disease (PD)
LSLNC213199,NONHSAG035667,NONHSAT091018; hsaLB_LI_24308,3,rs11915523,Parkinson's disease (PD)
LSLNC213201,NONHSAG035667,NONHSAT091021; hsaLB_LI_24310,3,rs11915523,Parkinson's disease (PD)
LSLNC213203,ENSG00000242759; ENSG00000242759.2; LINC00882; OTTHUMG00000159196.2; lnc-CBLB-7,ENST00000607801; ENST00000607801.1; LINC00882-007; OTTHUMT00000470220.1; hsaLB_LI_24312; lnc-CBLB-7:24,3,rs11915523,Parkinson's disease (PD)
LSLNC213204,ENSG00000242759; ENSG00000242759.2; LINC00882; OTTHUMG00000159196.2; lnc-CBLB-7,ENST00000477210; ENST00000477210.2; LINC00882-003; OTTHUMT00000353790.1; hsaLB_LI_24313; lnc-CBLB-7:21; NONHSAT091020; NR_028303,3,rs11915523,Parkinson's disease (PD)
LSLNC213206,ENSG00000242759; ENSG00000242759.2; LINC00882; OTTHUMG00000159196.2; lnc-CBLB-7,ENST00000479612; ENST00000479612.2; LINC00882-004; hsaLB_LI_24316; lnc-CBLB-7:22,3,rs11915523,Parkinson's disease (PD)
LSLNC213207,NONHSAG035667,NONHSAT091024; hsaLB_LI_24317,3,rs11915523,Parkinson's disease (PD)
LSLNC213208,NONHSAG035667,NONHSAT091025; hsaLB_LI_24318.1,3,rs11915523,Parkinson's disease (PD)
LSLNC213209,ENSG00000242759; ENSG00000242759.2; LINC00882; OTTHUMG00000159196.2; lnc-CBLB-7; XLOC_003204; linc-CBLB-6; RP11-280F2.2; ENSG00000242759.1; OTTHUMG00000159196.1,ENST00000473636; ENST00000473636.1; LINC00882-002; OTTHUMT00000353789.1; hsaLB_LI_24318.2; lnc-CBLB-7:1; TCONS_00005804; RP11-280F2.2-002; NONHSAT091025,3,rs11915523,Parkinson's disease (PD)
LSLNC213532,ENSG00000243276; ENSG00000243276.1; RP11-384F7.1; OTTHUMG00000159346.3; lnc-IGSF11-1,ENST00000482142; ENST00000482142.1; RP11-384F7.1-001; hsaLB_LI_24670; lnc-IGSF11-1:1; OTTHUMT00000354813.3; NONHSAT091361,3,rs500097,Parkinson's disease (PD)
LSLNC214811,NONHSAG034543,NONHSAT088502; hsaLB_3UO_21611.1; hsaLB_5UO_21611.1; hsaLB_AN_21611.1; hsaLB_IO_21611.1,3,rs1454768,Parkinson's disease
LSLNC216137,,hsaLB_5UO_21728.1; hsaLB_IO_21728.1,3,rs2336055,Parkinson's disease (PD)
LSLNC216142,lnc-SGOL1-3,hsaLB_PT_21733; lnc-SGOL1-3:2; NONHSAT088647,3,rs2336055,Parkinson's disease (PD)
LSLNC216143,lnc-SGOL1-3,hsaLB_PT_21734; lnc-SGOL1-3:5; NONHSAT088650,3,rs1352135,Parkinson's disease (PD)
LSLNC216145,ENSG00000223351; ENSG00000223351.1; ZNF385D-AS2; OTTHUMG00000155585.2; lnc-UBE2E2-2,ENST00000436306; ENST00000436306.1; ZNF385D-AS2-002; hsaLB_LI_21736; lnc-UBE2E2-2:2; OTTHUMT00000340783.1; NONHSAT088652,3,rs17583756,Parkinson's disease (PD)
LSLNC216269,ENSG00000228214.2; LINC00693; OTTHUMG00000155718.2; lnc-ZCWPW2-2,ENST00000432518.2; LINC00693-001; hsaLB_AN_21880; lnc-ZCWPW2-2:4,3,rs9310867,Parkinson's disease
LSLNC216270,NONHSAG034656,NONHSAT088793; hsaLB_LI_21881,3,rs9310867,Parkinson's disease
LSLNC216271,ENSG00000228214.2; LINC00693; OTTHUMG00000155718.2; lnc-ZCWPW2-2; ENSG00000228214.1; AC109586.1; OTTHUMG00000155718.1,ENST00000443912.1; LINC00693-002; hsaLB_AN_21882; lnc-ZCWPW2-2:2; AC109586.1-002; OTTHUMT00000341376.1,3,rs9310867,Parkinson's disease
LSLNC216272,ENSG00000228214.2; LINC00693; OTTHUMG00000155718.2; lnc-ZCWPW2-2; ENSG00000228214.1; AC109586.1; OTTHUMG00000155718.1,ENST00000445077.1; LINC00693-003; hsaLB_AN_21883; lnc-ZCWPW2-2:3; AC109586.1-003; OTTHUMT00000341377.1; NONHSAT088794,3,rs9310867,Parkinson's disease
LSLNC217360,lnc-FEZF2-9,hsaLB_IO_23552; lnc-FEZF2-9:2; NONHSAT090160,3,rs1735444,Parkinson's disease
LSLNC217398,,hsaLB_5UO_23604.1; hsaLB_5UO_23604.2; hsaLB_AN_23604.1; hsaLB_AN_23604.2; hsaLB_IO_23604.1,3,rs4277682,Parkinson's disease
LSLNC217679,lnc-FRG2C-14,hsaLB_PT_23919; lnc-FRG2C-14:1; NONHSAT090556,3,rs17819911,Parkinson's disease (PD) (age of onset)
LSLNC218425,NONHSAG037497,NONHSAT095526; hsaLB_LI_28506,4,rs12647573,Parkinson's disease
LSLNC218451,NONHSAG037497,NONHSAT095531; hsaLB_LI_28509.1,4,rs16886124,Parkinson's disease
LSLNC218452,ENSG00000249631; ENSG00000249631.1; RP11-281P23.2; OTTHUMG00000160044.4; lnc-DRD5-10; XLOC_003457; linc-CPEB2-10,ENST00000510095; ENST00000510095.1; RP11-281P23.2-006; OTTHUMT00000359055.2; hsaLB_LI_28509.2; lnc-DRD5-10:2; TCONS_00007472; NONHSAT095531,4,rs16886124,Parkinson's disease
LSLNC218785,ENSG00000249618; ENSG00000249618.1; RP11-422J15.1; OTTHUMG00000161197.1; lnc-C4orf33-1,ENST00000513875; ENST00000513875.1; RP11-422J15.1-001; hsaLB_LI_31255; lnc-C4orf33-1:1; OTTHUMT00000364127.1; NONHSAT098296,4,rs9991621,Parkinson's disease (interaction with coffee consumption)
LSLNC218787,NONHSAG038869,NONHSAT098298; hsaLB_LI_31257.1; hsaLB_LI_31257.2,4,rs9991621,Parkinson's disease (interaction with coffee consumption)
LSLNC219603,lnc-TKTL2-1,hsaLB_PT_32019; lnc-TKTL2-1:4; NONHSAT099066,4,rs10001082,Parkinson's disease (interaction with coffee consumption)
LSLNC219604,lnc-TKTL2-1,hsaLB_PT_32020; lnc-TKTL2-1:1; NONHSAT099067,4,rs10001082,Parkinson's disease (interaction with coffee consumption)
LSLNC219605,lnc-TKTL2-1,hsaLB_PT_32021; lnc-TKTL2-1:2; NONHSAT099068,4,rs10001082,Parkinson's disease (interaction with coffee consumption)
LSLNC221936,lnc-TSPAN5-3,hsaLB_PT_30434; lnc-TSPAN5-3:1; NONHSAT097477,4,rs986825,Parkinson's disease (PD) (age of onset)
LSLNC221938,ENSG00000254044.1; RP11-681L8.1; OTTHUMG00000164938.1; lnc-TSPAN5-2,ENST00000521680.1; RP11-681L8.1-002; OTTHUMT00000381038.1; hsaLB_SO_30435; lnc-TSPAN5-2:2; NONHSAT097478,4,rs986825,Parkinson's disease (PD) (age of onset)
LSLNC221940,ENSG00000254044.1; RP11-681L8.1; OTTHUMG00000164938.1; lnc-TSPAN5-2,ENST00000518105.1; RP11-681L8.1-001; hsaLB_SO_30437; lnc-TSPAN5-2:1; OTTHUMT00000381039.1; NONHSAT097480,4,rs986825,Parkinson's disease (PD) (age of onset)
LSLNC222312,NONHSAG041270,NONHSAT103280; hsaLB_AN_36121,5,rs1364937,Parkinson's disease (PD)
LSLNC222313,ENSG00000246316.3; RP11-492A10.1; OTTHUMG00000162871.1; lnc-TRIM36-4,ENST00000514115.1; RP11-492A10.1-003; hsaLB_AN_36124; lnc-TRIM36-4:1; OTTHUMT00000370916.1; NONHSAT103281,5,rs1364937,Parkinson's disease (PD)
LSLNC223232,lnc-PRELID2-1,hsaLB_PT_37319; lnc-PRELID2-1:5; NONHSAT104381,5,rs1433037,Parkinson's disease
LSLNC224414,NONHSAG039690,NONHSAT100083; hsaLB_LI_32914,5,rs17538179,Parkinson's disease
LSLNC224415,NONHSAG039690,NONHSAT100084; hsaLB_LI_32915,5,rs17538179,Parkinson's disease
LSLNC224416,NONHSAG039690,NONHSAT100085; hsaLB_LI_32916,5,rs17538179,Parkinson's disease
LSLNC224417,NONHSAG039690,NONHSAT100086; hsaLB_LI_32917.1,5,rs17538179,Parkinson's disease
LSLNC224418,ENSG00000248994; ENSG00000248994.1; RP11-259O2.1; lnc-NDUFS6-5; XLOC_004250; linc-C5orf38-5; OTTHUMG00000161604.1,ENST00000511693; ENST00000511693.1; RP11-259O2.1-001; hsaLB_LI_32917.2; lnc-NDUFS6-5:5; TCONS_00009326; OTTHUMT00000365495.1; NONHSAT100086,5,rs17538179,Parkinson's disease
LSLNC224419,NONHSAG039690,NONHSAT100087; hsaLB_LI_32918.1,5,rs17538179,Parkinson's disease
LSLNC224420,ENSG00000248994; ENSG00000248994.1; RP11-259O2.1; OTTHUMG00000161604.1; lnc-NDUFS6-5; XLOC_004250; linc-C5orf38-5,ENST00000513419; ENST00000513419.1; RP11-259O2.1-002; hsaLB_LI_32918.2; lnc-NDUFS6-5:6; TCONS_00009327; OTTHUMT00000365496.1; NONHSAT100087,5,rs17538179,Parkinson's disease
LSLNC224714,ENSG00000248969.1; CTD-2113L7.1; OTTHUMG00000162095.1; lnc-CAPSL-1,ENST00000510433.1; CTD-2113L7.1-001; hsaLB_AN_33797; lnc-CAPSL-1:1; OTTHUMT00000367198.1; NONHSAT101013,5,rs7709856,Cognitive outcome in Parkinson's disease
LSLNC224761,NONHSAG040214,NONHSAT101076; hsaLB_LI_33877.1,5,rs2366841,Parkinson's disease
LSLNC224762,ENSG00000250032; ENSG00000250032.1; CTD-2194L12.3; lnc-GDNF-2; XLOC_004789; linc-GDNF-1; OTTHUMG00000162112.1,ENST00000510938; ENST00000510938.1; CTD-2194L12.3-001; hsaLB_LI_33877.2; lnc-GDNF-2:1; TCONS_00009641; OTTHUMT00000367348.1; NONHSAT101076,5,rs2366841,Parkinson's disease
LSLNC225933,lnc-DMGDH-1,hsaLB_PT_35179; lnc-DMGDH-1:1; NONHSAT102341,5,rs10079160,Parkinson's disease (interaction with coffee consumption)
LSLNC227140,NONHSAG044722,NONHSAT114715; hsaLB_LI_43154,6,rs807302,Parkinson's disease (PD)
LSLNC227665,ENSG00000229017.2; RP11-439L18.3; OTTHUMG00000015718.2; lnc-HIVEP2-2,ENST00000419957.2; RP11-439L18.3-001; hsaLB_AN_43771; lnc-HIVEP2-2:9; NONHSAT115325,6,rs6939141,Parkinson's disease
LSLNC228139,NONHSAG045358,NONHSAT115971; hsaLB_LI_44343,6,rs9458896,Parkinson's disease (PD)
LSLNC228140,NONHSAG045358,NONHSAT115972; hsaLB_LI_44344,6,rs9458896,Parkinson's disease (PD)
LSLNC228483,NONHSAG056029,NONHSAT108047; hsaLB_LI_39811,6,rs6918975,Parkinson's disease
LSLNC228485,NONHSAG056029,NONHSAT108049; hsaLB_AN_39813.1,6,rs6918975,Parkinson's disease
LSLNC228486,ENSG00000272168; ENSG00000272168.1; CASC15; OTTHUMG00000014345.3; lnc-SOX4-1,ENST00000606851; ENST00000606851.1; CASC15-003; OTTHUMT00000470986.1; hsaLB_LI_39813.2; lnc-SOX4-1:6; NONHSAT108049; NR_015410,6,rs6918975,Parkinson's disease
LSLNC228487,,hsaLB_AN_39814.1; hsaLB_IO_39814.1,6,rs6918975,Parkinson's disease
LSLNC228488,ENSG00000272168; ENSG00000272168.1; CASC15; OTTHUMG00000014345.3; lnc-SOX4-1,ENST00000607048; ENST00000607048.1; CASC15-001; OTTHUMT00000039992.3; hsaLB_LI_39815; lnc-SOX4-1:8,6,rs6918975,Parkinson's disease
LSLNC236035,ENSG00000253288; ENSG00000253288.1; RP11-238K6.1; OTTHUMG00000164173.2; lnc-FAM135B-1,ENST00000518973; ENST00000518973.1; RP11-238K6.1-001; hsaLB_LI_55147; lnc-FAM135B-1:1; OTTHUMT00000377596.2,8,rs10103652,Parkinson's disease (PD)
LSLNC237752,ENSG00000253554.1; RP11-32K4.1; OTTHUMG00000164358.2; lnc-CYP7B1-6,ENST00000523191.1; RP11-32K4.1-001; hsaLB_AN_53143; lnc-CYP7B1-6:2; OTTHUMT00000378431.2; NONHSAT126946,8,rs10504370,Parkinson's disease (PD)
LSLNC237795,ENSG00000254081; ENSG00000254081.1; CTD-3025N20.2; lnc-ARMC1-1; OTTHUMG00000164373.1,ENST00000520902; ENST00000520902.1; CTD-3025N20.2-001; hsaLB_LI_53181; lnc-ARMC1-1:1; OTTHUMT00000378479.1; NONHSAT126986,8,rs6981589,Parkinson's disease (PD)
LSLNC238628,NONHSAG050809,NONHSAT127829; NONHSAT127830; NONHSAT127831; NONHSAT127832; NONHSAT127833; NONHSAT127834; NONHSAT127835; NONHSAT127837; NONHSAT127838; hsaLB_AN_54049.1; hsaLB_AN_54049.10; hsaLB_AN_54049.2; hsaLB_AN_54049.3; hsaLB,8,rs1009698,Parkinson's disease
LSLNC238629,ENSG00000253773; ENSG00000253773.1; KB-1047C11.2; OTTHUMG00000164661.1; lnc-PLEKHF2-2,ENST00000521905; ENST00000521905.1; KB-1047C11.2-002; hsaLB_LI_54050; lnc-PLEKHF2-2:2; OTTHUMT00000379669.1; NONHSAT127836,8,rs1009698,Parkinson's disease
LSLNC238630,lnc-PLEKHF2-2,lnc-PLEKHF2-2:10; NONHSAT127835; NR_038202; lnc-PLEKHF2-2:11; NONHSAT127837; NR_038207; lnc-PLEKHF2-2:12; NONHSAT127838; NR_038206; lnc-PLEKHF2-2:4; NONHSAT127829; NR_038209; lnc-PLEKHF2-2:5; NONHSAT127830; NR_0382,8,rs1009698,Parkinson's disease
LSLNC238631,ENSG00000253773; ENSG00000253773.1; KB-1047C11.2; OTTHUMG00000164661.1; lnc-PLEKHF2-2,ENST00000517437; ENST00000517437.1; KB-1047C11.2-003; OTTHUMT00000379670.1; hsaLB_LI_54051; lnc-PLEKHF2-2:3; NONHSAT147653,8,rs1009698,Parkinson's disease
LSLNC240228,NONHSAG051648,NONHSAT130005; hsaLB_LI_55830,9,rs10122587,Parkinson's disease (PD)
LSLNC240523,,hsaLB_LI_56758.1; hsaLB_LI_56758.2,9,rs4407980,Parkinson's disease (PD)
LSLNC240524,,hsaLB_IO_56759.1; hsaLB_IO_56759.2,9,rs4407980,Parkinson's disease (PD)
LSLNC240525,NONHSAG052149,NONHSAT131020; NONHSAT131023,9,rs4407980,Parkinson's disease (PD)
LSLNC240526,lnc-RNF38-4,lnc-RNF38-4:4; NONHSAT131023; lnc-RNF38-4:5; NONHSAT131020,9,rs4407980,Parkinson's disease (PD)
LSLNC240589,NONHSAG051672,NONHSAT130037; hsaLB_3UO_55860.1; hsaLB_5UO_55860.1; hsaLB_AN_55860.1,9,rs10123460,Parkinson's disease (interaction with coffee consumption)
LSLNC241039,,hsaLB_3UO_55989.1; hsaLB_5UO_55989.1; hsaLB_IO_55989.1,9,rs10118608,Parkinson's disease
